Nombre,Direccion
FITPLANET,"Calle de la Industria, 36, 08025 Barcelona "
Zyro,"Calle de la Ribera del Loira, 46, 28042 Madrid"
Blaugab,"Carrer de Sant Antoni Maria Claret, 237, 08041 Barcelona"
Iron Roots,"Kanaalweg 14-D, 3526 KL Utrecht, Paises Bajos"
Patagonia,"Av. Diagonal, 579-585, 08014 Barcelona"
Vivo Barefoot,"28 Britton St, Farringdon, London EC1M 5UE, Reino Unido"
Lili Lotus,"Carrer de la Diputacio, 321, 08009 Barcelona"
Engel Sports,"Schrozberger Str. 25-29, 74585 Rot am See, Alemania"
Starseeds,Unit 2.03 Oxo Tower Wharf Bargehouse Street London SE1 9PH
Kusaga Athletic,"Level 2/11 York St, Sydney NSW 2000, Australia"
