Nombre,Precio,Costo
Bolso Bandolera,139,98
BROCHZ - Sport Shorts for Women - Elastic Waist with Adjustable Drawstring - Two-Tone Stretch Fabric de Zyro,237.3,155
BROCHZ - Women's Short Sleeve Polo Shirt - Premium Technical Breathable Fabric - Fitted Cut - Sky Blue Color - Duo Concept de Zyro,180.3,56
BROCHZ - Women's Sports Bra de Zyro,152.09,65
Bufanda deportiva,59,32
Camisa Clasica,79,32
Camisa deportiva algodón orgáni,175,102
Camiseta Deporte Mujer Manga Corta de Ropa Deportiva Sostenible ,123.63,76
Camiseta T  cnica Deporte Hombre Manga Corta - Tejido Premium Interlock Transpirable de Ropa deportiva ecol ,123.63,90
Camiseta T  cnica Deporte Hombre Manga Larga - Doble Tejido de Ropa deportiva ecol ,142.49,101
Chamarra deportiva,219,187
Gorra de Beisbol,49,19
Jeans Ajustados,149,22
Leggings Malla Larga T  cnica Deporte de Ropa deportiva ecol ,237.74,121
Mochila de Senderismo,299,208
Pantal  n Deporte Entrenamiento Largo Hombre de Ropa deportiva ecol ,237.74,112
Pantalones de Vestir,189,176
Pendientes de Aro,39,8
Pulsera etnica,29,10
Reloj de Pulsera Deportivo,159,112
Sandalias deportivas,69,12
Shorts Deportivos,89,59
Sueter de Punto,129,45
Zapatillas ecológica,119,67
Zapatos deportivos,259,144
